{
  "homography_matrix": [
    [
      -9.806726518832029e-06,
      -0.0011057514547003786,
      1.082572926186648
    ],
    [
      -0.0006803431875628146,
      -2.9538625161640853e-05,
      1.1638004032737816
    ],
    [
      -2.966920438834304e-05,
      -2.1084081872355138e-05,
      1.0
    ]
  ],
  "camera_matrix": null,
  "dist_coeffs": null,
  "reference_points": [
    [
      1668.7433222421992,
      964.2384293921979
    ],
    [
      1705.9462423689495,
      107.36678481446202
    ],
    [
      250.69078072199386,
      80.7180796831843
    ],
    [
      239.04598848731482,
      976.9181512369291
    ]
  ],
  "world_points": [
    [
      0.0,
      0.0
    ],
    [
      1.0,
      0.0
    ],
    [
      1.0,
      1.0
    ],
    [
      0.0,
      1.0
    ]
  ],
  "calibrated": true,
  "rms_error": 4.716279977987597e-16
}