{
  "homography_matrix": [
    [
      -0.0005141496434477332,
      1.3323987301060701e-05,
      0.9403187490209812
    ],
    [
      -0.0004895643791366713,
      -0.001249118619962374,
      1.0528404427165265
    ],
    [
      -0.0010441898730982307,
      -1.283122201238368e-05,
      1.0
    ]
  ],
  "camera_matrix": null,
  "dist_coeffs": null,
  "reference_points": [
    [
      1832.1158286555697,
      124.80943517337568
    ],
    [
      72.40606597359361,
      814.4887065267282
    ],
    [
      108.0955188757723,
      91.23523637638459
    ],
    [
      1851.514522382886,
      873.371021827395
    ]
  ],
  "world_points": [
    [
      0.0,
      0.0
    ],
    [
      1.0,
      0.0
    ],
    [
      1.0,
      1.0
    ],
    [
      0.0,
      1.0
    ]
  ],
  "calibrated": true,
  "rms_error": 3.465617334352107e-16
}